Tissue,Gene,Variable,median_TPM,coefficient,p-value,FDR
Adipose - Subcutaneous,ENSG00000130234.10,AGE,2.325,0.51353073410862,0.607792124275757,0.607792124275757
Adipose - Subcutaneous,ENSG00000130234.10,SEX,2.325,4.79716998484165,2.08880272459241e-06,8.35521089836963e-06
Artery - Coronary,ENSG00000130234.10,AGE,1.598,2.35065018479701,0.0197713587620872,0.0395427175241744
Artery - Coronary,ENSG00000130234.10,SEX,1.598,1.05106720518867,0.294562702749746,0.392750270332995
