Tissue,Gene,Variable,median_TPM,coefficient,p-value,FDR
Breast - Mammary Tissue,ENSG00000130234.10,SEX,2.36349907090815,-7.29264922278654,1.89523703804704e-12,3.79047407609409e-12
Breast - Mammary Tissue,ENSG00000130234.10,AGE,2.36349907090815,0.369555352412551,0.71192581000104,0.71192581000104
